<?xml version="1.0" encoding="UTF-8" standalone="yes"?>
<office:document-styles xmlns:table="urn:oasis:names:tc:opendocument:xmlns:table:1.0" xmlns:office="urn:oasis:names:tc:opendocument:xmlns:office:1.0" xmlns:text="urn:oasis:names:tc:opendocument:xmlns:text:1.0" xmlns:style="urn:oasis:names:tc:opendocument:xmlns:style:1.0" xmlns:draw="urn:oasis:names:tc:opendocument:xmlns:drawing:1.0" xmlns:fo="urn:oasis:names:tc:opendocument:xmlns:xsl-fo-compatible:1.0" xmlns:xlink="http://www.w3.org/1999/xlink" xmlns:dc="http://purl.org/dc/elements/1.1/" xmlns:number="urn:oasis:names:tc:opendocument:xmlns:datastyle:1.0" xmlns:svg="urn:oasis:names:tc:opendocument:xmlns:svg-compatible:1.0" xmlns:of="urn:oasis:names:tc:opendocument:xmlns:of:1.2" office:version="1.2"><office:font-face-decls><style:font-face style:name="Calibri" svg:font-family="Calibri"/></office:font-face-decls><office:styles><number:number-style style:name="N0"><number:number number:min-integer-digits="1"/></number:number-style><style:style style:name="_50_0_160__37__32_-_32_Accent1" style:display-name="20 % - Accent1" style:family="table-cell" style:data-style-name="N0"><style:table-cell-properties fo:background-color="#DCE6F1"/></style:style><style:style style:name="_52_0_160__37__32_-_32_Accent2" style:display-name="40 % - Accent2" style:family="table-cell" style:data-style-name="N0"><style:table-cell-properties fo:background-color="#E6B8B7"/></style:style><style:style style:name="_52_0_160__37__32_-_32_Accent4" style:display-name="40 % - Accent4" style:family="table-cell" style:data-style-name="N0"><style:table-cell-properties fo:background-color="#CCC0DA"/></style:style><style:style style:name="_54_0_160__37__32_-_32_Accent4" style:display-name="60 % - Accent4" style:family="table-cell" style:data-style-name="N0"><style:table-cell-properties fo:background-color="#B1A0C7"/><style:text-properties fo:color="#FFFFFF"/></style:style><style:style style:name="Accent1" style:family="table-cell" style:data-style-name="N0"><style:table-cell-properties fo:background-color="#4F81BD"/><style:text-properties fo:color="#FFFFFF"/></style:style><style:style style:name="Accent2" style:family="table-cell" style:data-style-name="N0"><style:table-cell-properties fo:background-color="#C0504D"/><style:text-properties fo:color="#FFFFFF"/></style:style><style:style style:name="Accent4" style:family="table-cell" style:data-style-name="N0"><style:table-cell-properties fo:background-color="#8064A2"/><style:text-properties fo:color="#FFFFFF"/></style:style><style:style style:name="Default" style:family="table-cell" style:data-style-name="N0"><style:table-cell-properties style:vertical-align="automatic" fo:background-color="transparent"/><style:text-properties fo:color="#000000" style:font-name="Calibri" style:font-name-asian="Calibri" style:font-name-complex="Calibri" fo:font-size="11pt" style:font-size-asian="11pt" style:font-size-complex="11pt"/></style:style><style:default-style style:family="graphic"><style:graphic-properties draw:fill="solid" draw:fill-color="#4f81bd" draw:opacity="100%" draw:stroke="solid" svg:stroke-width="0.02778in" svg:stroke-color="#385d8a" svg:stroke-opacity="100%" svg:stroke-linecap="butt"/></style:default-style></office:styles><office:automatic-styles><style:page-layout style:name="pm1"><style:page-layout-properties fo:margin-top="0.3in" fo:margin-bottom="0.3in" fo:margin-left="0.7in" fo:margin-right="0.7in" style:print-orientation="portrait" style:print-page-order="ttb" style:first-page-number="continue" style:scale-to="100%" style:table-centering="none" style:print="objects charts drawings"/><style:header-style><style:header-footer-properties fo:min-height="0.45in" fo:margin-left="0.7in" fo:margin-right="0.7in" fo:margin-bottom="0in"/></style:header-style><style:footer-style><style:header-footer-properties fo:min-height="0.45in" fo:margin-left="0.7in" fo:margin-right="0.7in" fo:margin-top="0in"/></style:footer-style></style:page-layout></office:automatic-styles><office:master-styles><style:master-page style:name="mp1" style:page-layout-name="pm1"><style:header/><style:header-left style:display="false"/><style:footer/><style:footer-left style:display="false"/></style:master-page></office:master-styles></office:document-styles>